id,type,title,date_added,release_year
81145628,Movie,Norm of the North: King Sized Adventure,09-Sep-19,2019
80117401,Movie,Jandino: Whatever it Takes,09-Sep-16,2016
70234439,TV Show,Transformers Prime,08-Sep-18,2013
80058654,TV Show,Transformers: Robots in Disguise,08-Sep-18,2016
80163890,TV Show,Apaches,08-Sep-17,2016
70304989,Movie,Automata,08-Sep-17,2014
80164077,Movie,Fabrizio Copano: Solo pienso en mi,08-Sep-17,2017
80117902,TV Show,Fire Chasers,08-Sep-17,2017
70304990,Movie,Good People,08-Sep-17,2014
70299204,Movie,Kidnapping Mr. Heineken,08-Sep-17,2015
80182480,Movie,Krish Trish and Baltiboy,08-Sep-17,2009
80182483,Movie,Krish Trish and Baltiboy: Battle of Wits,08-Sep-17,2013
80182596,Movie,Krish Trish and Baltiboy: Best Friends Forever,08-Sep-17,2016
80182482,Movie,Krish Trish and Baltiboy: Comics of India,08-Sep-17,2012
80182597,Movie,Krish Trish and Baltiboy: Oversmartness Never Pays,08-Sep-17,2017
80182481,Movie,Krish Trish and Baltiboy: Part II,08-Sep-17,2010
80182621,Movie,Krish Trish and Baltiboy: The Greatest Trick,08-Sep-17,2013
80057969,Movie,Love,08-Sep-17,2015
80060297,Movie,Manhattan Romance,08-Sep-17,2014
80046728,Movie,Moonwalkers,08-Sep-17,2015
80046727,Movie,Rolling Papers,08-Sep-17,2015
70304988,Movie,Stonehearst Asylum,08-Sep-17,2014
80057700,Movie,The Runner,08-Sep-17,2015
80045922,Movie,6 Years,08-Sep-15,2015
80244601,TV Show,Castle of Stars,07-Sep-18,2015
80203094,Movie,City of Joy,07-Sep-18,2018
80190843,TV Show,First and Last,07-Sep-18,2018
70241607,Movie,Laddaland,07-Sep-18,2011
80988892,Movie,Next Gen,07-Sep-18,2018
80239639,Movie,Sierra Burgess Is A Loser,07-Sep-18,2018
80159586,Movie,The Most Assassinated Woman in the World,07-Sep-18,2018